<?xml version="1.0" encoding="UTF-8" ?>
<!DOCTYPE mapper PUBLIC "-//mybatis.org//DTD Mapper 3.0//EN" "http://mybatis.org/dtd/mybatis-3-mapper.dtd" >
<mapper namespace="com.dao.IAddressDao" >
  <resultMap id="BaseResultMap" type="com.entity.Address" >
    <id column="id" property="id" jdbcType="BIGINT" />
    <result column="contact" property="contact" jdbcType="VARCHAR" />
    <result column="addressDesc" property="addressdesc" jdbcType="VARCHAR" />
    <result column="postCode" property="postcode" jdbcType="VARCHAR" />
    <result column="tel" property="tel" jdbcType="VARCHAR" />
    <result column="createdBy" property="createdby" jdbcType="BIGINT" />
    <result column="creationDate" property="creationdate" jdbcType="TIMESTAMP" />
    <result column="modifyBy" property="modifyby" jdbcType="BIGINT" />
    <result column="modifyDate" property="modifydate" jdbcType="TIMESTAMP" />
    <result column="userId" property="userid" jdbcType="BIGINT" />
  </resultMap>
  <sql id="Base_Column_List" >
    id, contact, addressDesc, postCode, tel, createdBy, creationDate, modifyBy, modifyDate, 
    userId
  </sql>
  <select id="selectByPrimaryKey" resultMap="BaseResultMap" parameterType="java.lang.Long" >
    select 
    <include refid="Base_Column_List" />
    from smbms_address
    where id = #{id,jdbcType=BIGINT}
  </select>
  <delete id="deleteByPrimaryKey" parameterType="java.lang.Long" >
    delete from smbms_address
    where id = #{id,jdbcType=BIGINT}
  </delete>
  <insert id="insert" parameterType="com.entity.Address" >
    insert into smbms_address (id, contact, addressDesc, 
      postCode, tel, createdBy, 
      creationDate, modifyBy, modifyDate, 
      userId)
    values (#{id,jdbcType=BIGINT}, #{contact,jdbcType=VARCHAR}, #{addressdesc,jdbcType=VARCHAR}, 
      #{postcode,jdbcType=VARCHAR}, #{tel,jdbcType=VARCHAR}, #{createdby,jdbcType=BIGINT}, 
      #{creationdate,jdbcType=TIMESTAMP}, #{modifyby,jdbcType=BIGINT}, #{modifydate,jdbcType=TIMESTAMP}, 
      #{userid,jdbcType=BIGINT})
  </insert>
  <insert id="insertSelective" parameterType="com.entity.Address" >
    insert into smbms_address
    <trim prefix="(" suffix=")" suffixOverrides="," >
      <if test="id != null" >
        id,
      </if>
      <if test="contact != null" >
        contact,
      </if>
      <if test="addressdesc != null" >
        addressDesc,
      </if>
      <if test="postcode != null" >
        postCode,
      </if>
      <if test="tel != null" >
        tel,
      </if>
      <if test="createdby != null" >
        createdBy,
      </if>
      <if test="creationdate != null" >
        creationDate,
      </if>
      <if test="modifyby != null" >
        modifyBy,
      </if>
      <if test="modifydate != null" >
        modifyDate,
      </if>
      <if test="userid != null" >
        userId,
      </if>
    </trim>
    <trim prefix="values (" suffix=")" suffixOverrides="," >
      <if test="id != null" >
        #{id,jdbcType=BIGINT},
      </if>
      <if test="contact != null" >
        #{contact,jdbcType=VARCHAR},
      </if>
      <if test="addressdesc != null" >
        #{addressdesc,jdbcType=VARCHAR},
      </if>
      <if test="postcode != null" >
        #{postcode,jdbcType=VARCHAR},
      </if>
      <if test="tel != null" >
        #{tel,jdbcType=VARCHAR},
      </if>
      <if test="createdby != null" >
        #{createdby,jdbcType=BIGINT},
      </if>
      <if test="creationdate != null" >
        #{creationdate,jdbcType=TIMESTAMP},
      </if>
      <if test="modifyby != null" >
        #{modifyby,jdbcType=BIGINT},
      </if>
      <if test="modifydate != null" >
        #{modifydate,jdbcType=TIMESTAMP},
      </if>
      <if test="userid != null" >
        #{userid,jdbcType=BIGINT},
      </if>
    </trim>
  </insert>
  <update id="updateByPrimaryKeySelective" parameterType="com.entity.Address" >
    update smbms_address
    <set >
      <if test="contact != null" >
        contact = #{contact,jdbcType=VARCHAR},
      </if>
      <if test="addressdesc != null" >
        addressDesc = #{addressdesc,jdbcType=VARCHAR},
      </if>
      <if test="postcode != null" >
        postCode = #{postcode,jdbcType=VARCHAR},
      </if>
      <if test="tel != null" >
        tel = #{tel,jdbcType=VARCHAR},
      </if>
      <if test="createdby != null" >
        createdBy = #{createdby,jdbcType=BIGINT},
      </if>
      <if test="creationdate != null" >
        creationDate = #{creationdate,jdbcType=TIMESTAMP},
      </if>
      <if test="modifyby != null" >
        modifyBy = #{modifyby,jdbcType=BIGINT},
      </if>
      <if test="modifydate != null" >
        modifyDate = #{modifydate,jdbcType=TIMESTAMP},
      </if>
      <if test="userid != null" >
        userId = #{userid,jdbcType=BIGINT},
      </if>
    </set>
    where id = #{id,jdbcType=BIGINT}
  </update>
  <update id="updateByPrimaryKey" parameterType="com.entity.Address" >
    update smbms_address
    set contact = #{contact,jdbcType=VARCHAR},
      addressDesc = #{addressdesc,jdbcType=VARCHAR},
      postCode = #{postcode,jdbcType=VARCHAR},
      tel = #{tel,jdbcType=VARCHAR},
      createdBy = #{createdby,jdbcType=BIGINT},
      creationDate = #{creationdate,jdbcType=TIMESTAMP},
      modifyBy = #{modifyby,jdbcType=BIGINT},
      modifyDate = #{modifydate,jdbcType=TIMESTAMP},
      userId = #{userid,jdbcType=BIGINT}
    where id = #{id,jdbcType=BIGINT}
  </update>
</mapper>